use amirashop

insert into Produk values('P1000', 'Fillet Ayam', '5', 21000)
insert into Produk values('P1001', 'Fillet Ikan', '5', 22000)
insert into Produk values('P1002', 'Sosis', '5', 40000)
insert into Produk values('P1003', 'Daging', '5', 80000)
insert into Produk values('P1004', 'Milo', '10', 3000)
insert into Produk values('P1005', 'Tempat Pensil', '4', 24000)
insert into Produk values('P1006', 'ExtraJiss', '20', 2000)
insert into Produk values('P1007', 'Bandeng Presto', '5', 30000)
insert into Produk values('P1008', 'Penghapus', '15', 8000)
insert into Produk values('P1009', 'Pensil', '15', 5000)
insert into Produk values('P1010', 'Rautan', '15', 4000)
insert into Produk values('P1011', 'Pulpen', '15', 3000)
insert into Produk values('P1012', 'Penggaris', '15', 9000)
insert into Produk values('P1013', 'Buku', '20', 5000)
insert into Produk values('P1014', 'Seragam SD', '6', 50000)
insert into Produk values('P1015', 'Seragam SMP', '6', 50000)
insert into Produk values('P1016', 'Seragam SMA', '6', 50000)
insert into Produk values('P1017', 'Seragam Pramuka', '6', 50000)
insert into Produk values('P1018', 'Kartu Remi', '3', 7000)
insert into Produk values('P1019', 'Kartu Uno', '3', 15000)
select * from Produk

insert into supplier values('S1000', 'Atong', 'Jatinegara', '0812898911')
insert into supplier values('S1001', 'Ating', 'Jatinegara', '0812898912')
insert into supplier values('S1002', 'Atung', 'Jatinegara', '0812898913')
insert into supplier values('S1003', 'Ateng', 'Jatinegara', '0812898914')
insert into supplier values('S1004', 'Atang', 'Jatinegara', '0812898915')
insert into supplier values('S1005', 'Jina', 'Jatinegara', '0812898916')
insert into supplier values('S1006', 'Jani', 'Jatinegara', '0812898917')
insert into supplier values('S1007', 'Juna', 'Jatinegara', '0812898918')
insert into supplier values('S1008', 'Jena', 'Jatinegara', '0812898919')
insert into supplier values('S1009', 'Afung', 'Jatinegara', '0812898910')
insert into supplier values('S1010', 'Afing', 'Jatinegara', '0812898912')
insert into supplier values('S1011', 'Afeng', 'Jatinegara', '0812898913')
insert into supplier values('S1012', 'Afong', 'Jatinegara', '0812898914')
insert into supplier values('S1013', 'Afang', 'Jatinegara', '0812898915')
insert into supplier values('S1014', 'Cai', 'Jatinegara', '0812898916')
insert into supplier values('S1015', 'Cia', 'Jatinegara', '0812898917')
insert into supplier values('S1016', 'Cua', 'Jatinegara', '0812898918')
insert into supplier values('S1017', 'Cae', 'Jatinegara', '0812898919')
insert into supplier values('S1018', 'Cao', 'Jatinegara', '0812898920')
insert into supplier values('S1019', 'Casl', 'Jatinegara', '0812898921')

select * from supplier

insert into jasa values('J1000', 'Bayar KUA', 200000)
insert into jasa values('J1001', 'Laundry', 45000)
insert into jasa values('J1002', 'Bayar Indihome', 450000)
insert into jasa values('J1003', 'Bayar Halo', 100000)
insert into jasa values('J1004', 'Bayar PLN', 300000)
insert into jasa values('J1005', 'Bayar PDAM', 50000)
insert into jasa values('J1006', 'Bayar Ovo', 60000)
insert into jasa values('J1007', 'Bayar Gopay', 45000)
insert into jasa values('J1008', 'Bayar Traveloka', 500000)
insert into jasa values('J1009', 'Bayar Tiket.com', 500000)
insert into jasa values('J1010', 'Bayar Dana', 45000)
insert into jasa values('J1011', 'Bayar McD', 60000)
insert into jasa values('J1012', 'Bayar Tokopedia', 4500000)
insert into jasa values('J1013', 'Bayar PegiPegi', 7000000)
insert into jasa values('J1014', 'Bayar Bpjs', 4500)
insert into jasa values('J1015', 'Bayar Kredit', 800000)
insert into jasa values('J1016', 'Bayar Asuransi', 100000)
insert into jasa values('J1017', 'Bayar Telkom', 99000)
insert into jasa values('J1018', 'Bayar E-Samsat', 200000)
insert into jasa values('J1019', 'Bayar SIM', 500000)
select * from jasa

insert into kasir values('K1000', 'Dian')
insert into kasir values('K1001', 'Rina')
insert into kasir values('K1002', 'Runi')
insert into kasir values('K1003', 'Rani')
insert into kasir values('K1004', 'Runa')
insert into kasir values('K1005', 'Rana')
insert into kasir values('K1006', 'Rini')
insert into kasir values('K1007', 'Dini')
insert into kasir values('K1008', 'Dina')
insert into kasir values('K1009', 'Dani')
insert into kasir values('K1010', 'Duni')
insert into kasir values('K1011', 'Duna')
insert into kasir values('K1012', 'Doni')
insert into kasir values('K1013', 'Danu')
insert into kasir values('K1014', 'Dena')
insert into kasir values('K1015', 'Dana')
insert into kasir values('K1016', 'Lina')
insert into kasir values('K1017', 'Lani')
insert into kasir values('K1018', 'Lanu')
insert into kasir values('K1019', 'Luna')
select * from kasir

insert into member values('M1000', 'Annga')
insert into member values('M1001', 'Anggi')
insert into member values('M1002', 'Ingga')
insert into member values('M1003', 'Rangga')
insert into member values('M1004', 'Ringga')
insert into member values('M1005', 'Freddy')
insert into member values('M1006', 'Rowan')
insert into member values('M1007', 'Riwan')
insert into member values('M1008', 'Irwan')
insert into member values('M1009', 'Dandi')
insert into member values('M1010', 'Dinda')
insert into member values('M1011', 'Roni')
insert into member values('M1012', 'Rimba')
insert into member values('M1013', 'Rumba')
insert into member values('M1014', 'Ali')
insert into member values('M1015', 'Ala')
insert into member values('M1016', 'Alisa')
insert into member values('M1017', 'Lisa')
insert into member values('M1018', 'Risa')
insert into member values('M1019', 'Rosi')
select * from member

insert into diskon values('P1000', 'D1000', '11-11-2019', 15)
insert into diskon values('P1001', 'D1001', '11-11-2019', 10)
insert into diskon values('P1002', 'D1002', '11-11-2019', 15)
insert into diskon values('P1003', 'D1003', '11-11-2019', 20)
insert into diskon values('P1004', 'D1004', '11-11-2019', 15)
insert into diskon values('P1005', 'D1005', '11-11-2019', 10)
insert into diskon values('P1006', 'D1006', '11-11-2019', 5)
insert into diskon values('P1007', 'D1007', '11-11-2019', 15)
insert into diskon values('P1008', 'D1008', '11-11-2019', 11)
insert into diskon values('P1009', 'D1009', '11-11-2019', 10)
insert into diskon values('P1010', 'D1010', '11-11-2019', 25)
insert into diskon values('P1011', 'D1011', '11-11-2019', 20)
insert into diskon values('P1012', 'D1012', '11-11-2019', 15)
insert into diskon values('P1013', 'D1013', '11-11-2019', 20)
insert into diskon values('P1014', 'D1014', '11-11-2019', 20)
insert into diskon values('P1015', 'D1015', '11-11-2019', 5)
insert into diskon values('P1016', 'D1016', '11-11-2019', 5)
insert into diskon values('P1017', 'D1017', '11-11-2019', 5)
insert into diskon values('P1018', 'D1018', '11-11-2019', 5)
insert into diskon values('P1019', 'D1019', '11-11-2019', 10)
select * from diskon

insert into kategori values('P1000', 'KAT1000', 'Frozen Food')
insert into kategori values('P1001', 'KAT1001', 'Frozen Food')
insert into kategori values('P1002', 'KAT1002', 'Frozen Food')
insert into kategori values('P1003', 'KAT1003', 'Frozen Food')
insert into kategori values('P1004', 'KAT1004', 'Sachet')
insert into kategori values('P1005', 'KAT1005', 'ATK')
insert into kategori values('P1006', 'KAT1006', 'Sachet')
insert into kategori values('P1007', 'KAT1007', 'Frozen Food')
insert into kategori values('P1008', 'KAT1008', 'ATK')
insert into kategori values('P1009', 'KAT1009', 'ATK')
insert into kategori values('P1010', 'KAT1010', 'ATK')
insert into kategori values('P1011', 'KAT1011', 'ATK')
insert into kategori values('P1012', 'KAT1012', 'ATK')
insert into kategori values('P1013', 'KAT1013', 'ATK')
insert into kategori values('P1014', 'KAT1014', 'Seragam')
insert into kategori values('P1015', 'KAT1015', 'Seragam')
insert into kategori values('P1016', 'KAT1016', 'Seragam')
insert into kategori values('P1017', 'KAT1017', 'Seragam')
insert into kategori values('P1018', 'KAT1018', 'Mainan')
insert into kategori values('P1019', 'KAT1019', 'Mainan')
select * from kategori

insert into layanan values('K1000', 'M1000', 'Annga')
insert into layanan values('K1001', 'M1001', 'Anggi')
insert into layanan values('K1002', 'M1002', 'Ingga')
insert into layanan values('K1003', 'M1003', 'Rangga')
insert into layanan values('K1004', 'M1004', 'Ringga')
insert into layanan values('K1005', 'M1005', 'Freddy')
insert into layanan values('K1006', 'M1006', 'Rowan')
insert into layanan values('K1007', 'M1007', 'Riwan')
insert into layanan values('K1008', 'M1008', 'Irwan')
insert into layanan values('K1009', 'M1009', 'Dandi')
insert into layanan values('K1010', 'M1010', 'Dinda')
insert into layanan values('K1011', 'M1011', 'Roni')
insert into layanan values('K1012', 'M1012', 'Rimba')
insert into layanan values('K1013', 'M1013', 'Rumba')
insert into layanan values('K1014', 'M1014', 'Ali')
insert into layanan values('K1015', 'M1015', 'Ala')
insert into layanan values('K1016', 'M1016', 'Alisa')
insert into layanan values('K1017', 'M1017', 'Lisa')
insert into layanan values('K1018', 'M1018', 'Risa')
insert into layanan values('K1019', 'M1019', 'Rosi')
select * from layanan

insert into penjualan_jasa values('K1000', 'J1000', 'Bayar KUA', 200000)
insert into penjualan_jasa values('K1001', 'J1001', 'Laundry', 45000)
insert into penjualan_jasa values('K1002', 'J1002', 'Bayar Indihome', 450000)
insert into penjualan_jasa values('K1003', 'J1003', 'Bayar Halo', 100000)
insert into penjualan_jasa values('K1004', 'J1004', 'Bayar PLN', 300000)
insert into penjualan_jasa values('K1005', 'J1005', 'Bayar PDAM', 50000)
insert into penjualan_jasa values('K1006', 'J1006', 'Bayar Ovo', 60000)
insert into penjualan_jasa values('K1007', 'J1007', 'Bayar Gopay', 45000)
insert into penjualan_jasa values('K1008', 'J1008', 'Bayar Traveloka', 500000)
insert into penjualan_jasa values('K1009', 'J1009', 'Bayar Tiket.com', 500000)
insert into penjualan_jasa values('K1010', 'J1010', 'Bayar Dana', 45000)